{"cameraMode":{"drawMode":0,"name":"Shaded","section":"Shading Mode"},"sceneLighting":false,"audioPlay":false,"sceneViewState":{"showFog":true,"showMaterialUpdate":false,"showSkybox":false,"showFlares":true,"showImageEffects":true,"showParticleSystems":true},"in2DMode":false,"pivot":{"x":-0.2971395254135132,"y":0.16810870170593263,"z":-0.6235741972923279},"rotation":{"x":0.25467991828918459,"y":-0.7199140787124634,"z":0.3306039869785309,"w":0.5545861124992371},"size":1.7660253047943116,"orthographic":false}