{"cameraMode":{"drawMode":0,"name":"Shaded","section":"Shading Mode"},"sceneLighting":false,"audioPlay":false,"sceneViewState":{"showFog":true,"showMaterialUpdate":false,"showSkybox":false,"showFlares":true,"showImageEffects":true,"showParticleSystems":true},"in2DMode":false,"pivot":{"x":-0.4299994111061096,"y":0.520237147808075,"z":-0.2598688304424286},"rotation":{"x":0.1928810030221939,"y":-0.7730193734169006,"z":0.2778022587299347,"w":0.5367167592048645},"size":1.7660253047943116,"orthographic":false}