{"cameraMode":{"drawMode":0,"name":"Shaded","section":"Shading Mode"},"sceneLighting":false,"audioPlay":false,"sceneViewState":{"showFog":true,"showMaterialUpdate":false,"showSkybox":false,"showFlares":true,"showImageEffects":true,"showParticleSystems":true},"in2DMode":false,"pivot":{"x":-0.230390727519989,"y":0.2733623683452606,"z":0.20408785343170167},"rotation":{"x":0.20293276011943818,"y":-0.7175856828689575,"z":0.2333468347787857,"w":0.6240538358688355},"size":1.5959267616271973,"orthographic":false}