{"cameraMode":{"drawMode":0,"name":"Shaded","section":"Shading Mode"},"sceneLighting":false,"audioPlay":false,"sceneViewState":{"showFog":true,"showMaterialUpdate":false,"showSkybox":false,"showFlares":true,"showImageEffects":true,"showParticleSystems":true},"in2DMode":false,"pivot":{"x":-1.223663568496704,"y":0.0729459747672081,"z":-0.15726515650749207},"rotation":{"x":0.2476048469543457,"y":-0.6885060667991638,"z":0.27292293310165408,"w":0.6246347427368164},"size":2.1959266662597658,"orthographic":false}