{"cameraMode":{"drawMode":0,"name":"Shaded","section":"Shading Mode"},"sceneLighting":false,"audioPlay":false,"sceneViewState":{"showFog":true,"showMaterialUpdate":false,"showSkybox":false,"showFlares":true,"showImageEffects":true,"showParticleSystems":true},"in2DMode":false,"pivot":{"x":-0.002499908208847046,"y":1.0,"z":0.0004999041557312012},"rotation":{"x":-0.2078535556793213,"y":-0.7095848917961121,"z":0.2335784137248993,"w":-0.6314582228660584},"size":1.2259716987609864,"orthographic":false}