{"cameraMode":{"drawMode":0,"name":"Shaded","section":"Shading Mode"},"sceneLighting":false,"audioPlay":false,"sceneViewState":{"showFog":true,"showMaterialUpdate":false,"showSkybox":false,"showFlares":true,"showImageEffects":true,"showParticleSystems":true},"in2DMode":false,"pivot":{"x":-0.06385084241628647,"y":0.031785354018211368,"z":-0.3925268054008484},"rotation":{"x":-0.061763063073158267,"y":-0.7611939907073975,"z":0.07330147922039032,"w":-0.6414108276367188},"size":1.2259716987609864,"orthographic":false}