{"cameraMode":{"drawMode":0,"name":"Shaded","section":"Shading Mode"},"sceneLighting":false,"audioPlay":false,"sceneViewState":{"showFog":true,"showMaterialUpdate":false,"showSkybox":false,"showFlares":true,"showImageEffects":true,"showParticleSystems":true},"in2DMode":false,"pivot":{"x":-0.5795275568962097,"y":1.4702842235565186,"z":0.021317079663276674},"rotation":{"x":0.21043848991394044,"y":-0.5307914614677429,"z":0.13802215456962586,"w":0.8092767596244812},"size":1.2278410196304322,"orthographic":false}