{"cameraMode":{"drawMode":0,"name":"Shaded","section":"Shading Mode"},"sceneLighting":false,"audioPlay":false,"sceneViewState":{"showFog":true,"showMaterialUpdate":false,"showSkybox":false,"showFlares":true,"showImageEffects":true,"showParticleSystems":true},"in2DMode":false,"pivot":{"x":0.0,"y":0.017000198364257814,"z":0.02565273642539978},"rotation":{"x":0.21694400906562806,"y":-0.337254136800766,"z":0.08017528057098389,"w":0.9125618934631348},"size":0.9120843410491943,"orthographic":false}