{"cameraMode":{"drawMode":0,"name":"Shaded","section":"Shading Mode"},"sceneLighting":false,"audioPlay":false,"sceneViewState":{"showFog":true,"showMaterialUpdate":false,"showSkybox":false,"showFlares":true,"showImageEffects":true,"showParticleSystems":true},"in2DMode":false,"pivot":{"x":0.0010546445846557618,"y":0.5,"z":-0.0005000531673431397},"rotation":{"x":0.20293276011943818,"y":-0.7175856828689575,"z":0.2333468347787857,"w":0.6240538358688355},"size":1.2278410196304322,"orthographic":false}