{"cameraMode":{"drawMode":0,"name":"Shaded","section":"Shading Mode"},"sceneLighting":true,"audioPlay":false,"sceneViewState":{"showFog":true,"showMaterialUpdate":false,"showSkybox":true,"showFlares":true,"showImageEffects":true,"showParticleSystems":true},"in2DMode":false,"pivot":{"x":9.080242156982422,"y":6.059845924377441,"z":-6.548396110534668},"rotation":{"x":0.2803765535354614,"y":-0.10341495275497437,"z":0.03039867803454399,"w":0.9538195133209229},"size":3.7458693981170656,"orthographic":false}